instance,5c_optimal_value,10c_optimal_value
1,45230136151.00,45230136151.00
2,45527618297.50,45527618297.50
3,40491567167.50,40491567167.50
4,47028311425.00,47028311425.00
5,48345893592.00,48345893592.00
6,48837202156.00,48837202156.00
7,39995415085.00,39995415085.00
8,44836891439.00,44836891439.00
9,52589918393.00,52589918393.00
10,52165903964.00,52165903964.00
11,51161057340.00,51161057340.00
12,46210624297.00,46210624297.00
13,41804926528.50,41804926528.50
14,37103701863.00,37103701863.00
15,36525532137.00,36525532137.00
16,46058550986.50,46058550986.50
17,45554062181.00,45554062181.00
18,43502271378.50,43502271378.50
19,41161630328.00,41161630328.00
20,47005706108.50,47005706108.50
21,45435591702.00,45435591702.00
22,43133493445.00,43133493445.00
23,41594106807.50,41594106807.50
24,42163999937.00,42163999937.00
25,46862568106.50,46862568106.50
26,45998508376.50,45998508376.50
27,48609846199.00,48609846199.00
28,43725904588.50,43725904588.50
29,45380294758.50,45380294758.50
30,43916985244.00,43916985244.00
31,46257116063.00,46257116063.00
32,49277296167.50,49277296167.50
33,49814806861.00,49814806861.00
34,56423938718.00,56423938718.00
35,48863111711.00,48863111711.00
36,46667924108.50,46667924108.50
37,35927125989.00,35927125989.00
38,40886311800.50,40886311800.50
39,44988559956.00,44988559956.00
40,45915688233.00,45915688233.00
41,44886091171.50,44886091171.50
42,44255548294.00,44255548294.00
43,46772951487.00,46772951487.00
44,43197682564.50,43197682564.50
45,40037187872.00,40037187872.00
46,37223625580.00,37223625580.00
47,40885205470.50,40885205470.50
48,42279679698.50,42279679698.50
49,44445554540.00,44445554540.00
50,41491095638.00,41491095638.00
51,46571679039.50,46571679039.50
52,42140375913.00,42140375913.00
53,42057599694.00,42057599694.00
54,39187486066.00,39187486066.00
55,41860347281.50,41860347281.50
56,38936197634.00,38936197634.00
57,37596666236.00,37596666236.00
58,39295085756.50,39295085756.50
59,39616441425.00,39616441425.00
60,38551499562.00,38551499562.00
61,39370738695.00,39370738695.00
62,43724849503.00,43724849503.00
63,44924814434.00,44924814434.00
64,39455500630.00,39455500630.00
65,39440725365.50,39440725365.50
66,38624053080.00,38624053080.00
67,38219675315.00,38219675315.00
68,42827558676.00,42827558676.00
69,39727401397.00,39727401397.00
70,45920500020.00,45920500020.00
71,46889986807.50,46889986807.50
72,53396594146.50,53396594146.50
73,51645699558.50,51645699558.50
74,43764549408.50,43764549408.50
75,43199219337.00,43199219337.00
76,44619629382.00,44619629382.00
77,49675267016.50,49675267016.50
78,45699194607.00,45699194607.00
79,40410551195.00,40410551195.00
80,43777518164.50,43777518164.50
81,40297969816.50,40297969816.50
82,41426280065.00,41426280065.00
83,39290492774.50,39290492774.50
84,43824670095.00,43824670095.00
85,47160326064.50,47160326064.50
86,41035302425.00,41035302425.00
87,46000376053.00,46000376053.00
88,41511858506.50,41511858506.50
89,48301660191.50,48301660191.50
90,46037195585.50,46037195585.50
91,48906386838.00,48906386838.00
92,47414761474.00,47414761474.00
93,45246523851.50,45246523851.50
94,49886246491.50,49886246491.50
95,48186912161.50,48186912161.50
96,52351992942.00,52351992942.00
97,44275311686.00,44275311686.00
98,40879485436.00,40879485436.00
99,39707722286.50,39707722286.50
100,42229584091.00,42229584091.00
101,47244993304.00,47244993304.00
102,44204633318.50,44204633318.50
103,43444369082.00,43444369082.00
104,42628485811.50,42628485811.50
105,38047331230.50,38047331230.50
106,40528394986.50,40528394986.50
107,39679486399.50,39679486399.50
108,41360427557.00,41360427557.00
109,36779569183.50,36779569183.50
110,34315875049.50,34315875049.50
111,37627040925.50,37627040925.50
112,48931669143.00,48931669143.00
113,54296164363.50,54296164363.50
114,58769221783.00,58769221783.00
115,48030590356.50,48030590356.50
116,47178873390.00,47178873390.00
117,42343673459.00,42343673459.00
118,48338664230.50,48338664230.50
119,42539608851.00,42539608851.00
120,47434974490.50,47434974490.50
121,50064934481.00,50064934481.00
122,54979585626.00,54979585626.00
123,50063867568.00,50063867568.00
124,47498656327.50,47498656327.50
125,50283226872.50,50283226872.50
126,47968403926.50,47968403926.50
127,47875516811.50,47875516811.50
128,39545574595.00,39545574595.00
129,40387739092.50,40387739092.50
130,41075855603.00,41075855603.00
131,46366552387.50,46366552387.50
132,43959920810.50,43959920810.50
133,45987146294.50,45987146294.50
134,38322705233.00,38322705233.00
135,41881993577.50,41881993577.50
136,35055283182.50,35055283182.50
137,38045003309.00,38045003309.00
138,34401433772.00,34401433772.00
139,44859486248.50,44859486248.50
140,48000096620.00,48000096620.00
141,54814419879.50,54814419879.50
142,49961937044.50,49961937044.50
143,49722375833.50,49722375833.50
144,46506282437.00,46506282437.00
145,48476454344.50,48476454344.50
146,42331663020.00,42331663020.00
147,42856344283.00,42856344283.00
148,41225356016.00,41225356016.00
149,47096525598.00,47096525598.00
150,46640792205.50,46640792205.50
151,46741507138.00,46741507138.00
152,46093298784.00,46093298784.00
153,48245408080.50,48245408080.50
154,44561919338.50,44561919338.50
155,40272890418.00,40272890418.00
156,39195131653.50,39195131653.50
157,44363746889.50,44363746889.50
158,50915381449.00,50915381449.00
159,54900433945.00,54900433945.00
160,51361853681.00,51361853681.00
161,48318834427.00,48318834427.00
162,53658570499.00,53658570499.00
163,48496536041.00,48496536041.00
164,47587893842.00,47587893842.00
165,43424235164.00,43424235164.00
166,49585354574.00,49585354574.00
167,48710142190.00,48710142190.00
168,40410272370.50,40410272370.50
169,37035998008.50,37035998008.50
170,40435843624.50,40435843624.50
171,42623891078.50,42623891078.50
172,48187561432.00,48187561432.00
173,49113617759.50,49113617759.50
174,54053573419.50,54053573419.50
175,50177581457.50,50177581457.50
176,48786646455.00,48786646455.00
177,48353099804.00,48353099804.00
178,48191166804.50,48191166804.50
179,46036142693.00,46036142693.00
180,44641710563.50,44641710563.50
181,44570862288.00,44570862288.00
182,46699783741.50,46699783741.50
183,43489862479.50,43489862479.50
184,41407928191.00,41407928191.00
185,40062967713.00,40062967713.00
186,44942472255.50,44942472255.50
187,38054862520.50,38054862520.50
188,38134714635.50,38134714635.50
189,37789153857.00,37789153857.00
190,43900928079.00,43900928079.00
191,46640626328.00,46640626328.00
192,45589812609.00,45589812609.00
193,50703411073.00,50703411073.00
194,45579220851.50,45579220851.50
195,42674838738.00,42674838738.00
196,39804985792.00,39804985792.00
197,45045388835.00,45045388835.00
198,47791079054.00,47791079054.00
199,45561120583.50,45561120583.50
200,45280913835.00,45280913835.00
201,45395020423.50,45395020423.50
202,48844031913.00,48844031913.00
203,49160734872.50,49160734872.50
204,48587613022.00,48587613022.00
205,48062942228.50,48062942228.50
206,45402553986.50,45402553986.50
207,47406184113.00,47406184113.00
208,50767989429.00,50767989429.00
209,51597197529.00,51597197529.00
210,47472627154.00,47472627154.00
211,43721285777.00,43721285777.00
212,44420528593.00,44420528593.00
213,46584737717.00,46584737717.00
214,46038742052.50,46038742052.50
215,38409169897.00,38409169897.00
216,39530396197.50,39530396197.50
217,42025249423.00,42025249423.00
218,53065304479.50,53065304479.50
219,51458053621.50,51458053621.50
220,48395417912.50,48395417912.50
221,42288393012.50,42288393012.50
222,40664788984.50,40664788984.50
223,38778811994.50,38778811994.50
224,47837662278.50,47837662278.50
225,49971550710.50,49971550710.50
226,53166408746.50,53166408746.50
227,47915040404.00,47915040404.00
228,43816096882.50,43816096882.50
229,45018643883.00,45018643883.00
230,42927075223.50,42927075223.50
231,43097427421.00,43097427421.00
232,38925096179.50,38925096179.50
233,35127412859.00,35127412859.00
234,41003461802.50,41003461802.50
235,48558652494.00,48558652494.00
236,56112577331.50,56112577331.50
237,49417786932.00,49417786932.00
238,39166561603.00,39166561603.00
239,39171848479.00,39171848479.00
240,42824804710.00,42824804710.00
241,42269491562.00,42269491562.00
242,35174265860.00,35174265860.00
243,33099872541.50,33099872541.50
244,37375591457.00,37375591457.00
245,45608611760.00,45608611760.00
246,51359181429.00,51359181429.00
247,55057762187.00,55057762187.00
248,51604947439.00,51604947439.00
249,47795252718.50,47795252718.50
250,45525703254.50,45525703254.50
251,45699519083.00,45699519083.00
252,46619850272.00,46619850272.00
253,50912692624.00,50912692624.00
254,46404577285.50,46404577285.50
255,43063933977.50,43063933977.50
256,39746280811.50,39746280811.50
257,42420808390.00,42420808390.00
258,46098546597.50,46098546597.50
259,45747470734.50,45747470734.50
260,44303545190.00,44303545190.00
261,39005439858.50,39005439858.50
262,39245493114.00,39245493114.00
263,39559005089.00,39559005089.00
264,38992723752.50,38992723752.50
265,33679278375.00,33679278375.00
266,39218674770.00,39218674770.00
267,45098888637.00,45098888637.00
268,47469685616.50,47469685616.50
269,40650378604.50,40650378604.50
270,42639673114.50,42639673114.50
271,36869544264.50,36869544264.50
272,40998733663.00,40998733663.00
273,31733413484.50,31733413484.50
274,40717590881.00,40717590881.00
275,42139927191.50,42139927191.50
276,47771201962.00,47771201962.00
277,43980436546.00,43980436546.00
278,42240456722.00,42240456722.00
279,42195051853.00,42195051853.00
280,41546017083.50,41546017083.50
281,41474326741.50,41474326741.50
282,43429376134.00,43429376134.00
283,44471195076.50,44471195076.50
284,52933038662.00,52933038662.00
285,47873779781.00,47873779781.00
286,48382227375.00,48382227375.00
287,40800113560.00,40800113560.00
288,40495478754.00,40495478754.00
289,41747279309.00,41747279309.00
290,45182561106.00,45182561106.00
291,49610879964.00,49610879964.00
292,48425064140.00,48425064140.00
293,50595430760.50,50595430760.50
294,42507579282.00,42507579282.00
295,46705454055.50,46705454055.50
296,39719785712.00,39719785712.00
297,44429220663.50,44429220663.50
298,43853148637.00,43853148637.00
299,43902953375.00,43902953375.00
300,38336619794.50,38336619794.50
301,39338139084.00,39338139084.00
302,39298678250.00,39298678250.00
303,44500960326.00,44500960326.00
304,47135889821.00,47135889821.00
305,47206224115.00,47206224115.00
306,49558194874.50,49558194874.50
307,45384320680.50,45384320680.50
308,49884797666.00,49884797666.00
309,47764788290.50,47764788290.50
310,49763724875.00,49763724875.00
311,47163216445.50,47163216445.50
312,47893054238.50,47893054238.50
313,46625656848.50,46625656848.50
314,46215536011.50,46215536011.50
315,44522512020.50,44522512020.50
316,42824968178.00,42824968178.00
317,46750053216.00,46750053216.00
318,45607708778.50,45607708778.50
319,48885372445.50,48885372445.50
320,48303888766.50,48303888766.50
321,44104838344.50,44104838344.50
322,42042986340.50,42042986340.50
323,37154594001.50,37154594001.50
324,39098807351.50,39098807351.50
325,42595462882.50,42595462882.50
326,44200889025.50,44200889025.50
327,46011653471.50,46011653471.50
328,43785702443.00,43785702443.00
329,39670026667.50,39670026667.50
330,34589764135.50,34589764135.50
331,34034508553.00,34034508553.00
332,37960176567.00,37960176567.00
333,44320191137.00,44320191137.00
334,42470220474.50,42470220474.50
335,35569915307.50,35569915307.50
336,35079972558.00,35079972558.00
337,42775753027.50,42775753027.50
338,46826960938.50,46826960938.50
339,45353165990.00,45353165990.00
340,46082236911.50,46082236911.50
341,50994857845.00,50994857845.00
342,50810288135.00,50810288135.00
343,46376014553.00,46376014553.00
344,43146048619.50,43146048619.50
345,40466335693.50,40466335693.50
346,39797006461.50,39797006461.50
347,43791663800.00,43791663800.00
348,42345884984.00,42345884984.00
349,43559380086.00,43559380086.00
350,43714089585.00,43714089585.00
351,46438528930.00,46438528930.00
352,46260942524.00,46260942524.00
353,41859801822.50,41859801822.50
354,42432973089.00,42432973089.00
355,45819368050.50,45819368050.50
356,50517880548.50,50517880548.50
357,46861420257.00,46861420257.00
358,43028349573.50,43028349573.50
359,44015352999.50,44015352999.50
360,44891300041.00,44891300041.00
361,45424404664.50,45424404664.50
362,43395501807.50,43395501807.50
363,44376428846.50,44376428846.50
364,48922005900.00,48922005900.00
365,48558474458.50,48558474458.50
366,50131198464.00,50131198464.00
367,50476054871.00,50476054871.00
368,50679106649.00,50679106649.00
369,50786024615.00,50786024615.00
370,44424736010.00,44424736010.00
371,48686516406.50,48686516406.50
372,44629737743.00,44629737743.00
373,44115950168.50,44115950168.50
374,42306433319.50,42306433319.50
375,40270374196.00,40270374196.00
376,45759844485.00,45759844485.00
377,42825698394.50,42825698394.50
378,43644994562.50,43644994562.50
379,45807190384.50,45807190384.50
380,42342201069.00,42342201069.00
381,40443090257.00,40443090257.00
382,33867851564.50,33867851564.50
383,38360410819.00,38360410819.00
384,40400276673.50,40400276673.50
385,43062574945.50,43062574945.50
386,42608581956.00,42608581956.00
387,44198603738.50,44198603738.50
388,42131546637.50,42131546637.50
389,48951328078.50,48951328078.50
390,47606269991.00,47606269991.00
391,47100938293.00,47100938293.00
392,41451090646.00,41451090646.00
393,43785732500.50,43785732500.50
394,47103847261.00,47103847261.00
395,55138715354.00,55138715354.00
396,50357482314.00,50357482314.00
397,51384659303.50,51384659303.50
398,46505762263.50,46505762263.50
399,46688758914.50,46688758914.50
400,51462992051.50,51462992051.50
401,51651675150.50,51651675150.50
402,53261459010.50,53261459010.50
403,47686461690.50,47686461690.50
404,43781573350.50,43781573350.50
405,40004965400.00,40004965400.00
406,35418922413.00,35418922413.00
407,36368119923.00,36368119923.00
408,39463930512.50,39463930512.50
409,42089866558.50,42089866558.50
410,44175211461.00,44175211461.00
411,45320138642.50,45320138642.50
412,45991262325.00,45991262325.00
413,45126240697.50,45126240697.50
414,41821237679.00,41821237679.00
415,41778481650.00,41778481650.00
416,46268202853.50,46268202853.50
417,49367356233.00,49367356233.00
418,48002859608.50,48002859608.50
419,38978682506.00,38978682506.00
420,37699786969.00,37699786969.00
421,37149354259.00,37149354259.00
422,39394916886.00,39394916886.00
423,41569932361.00,41569932361.00
424,43820590797.50,43820590797.50
425,46285550604.00,46285550604.00
426,49309173934.50,49309173934.50
427,46724763376.50,46724763376.50
428,44900202773.50,44900202773.50
429,42090020573.50,42090020573.50
430,40705266826.00,40705266826.00
431,45938115255.00,45938115255.00
432,40704531044.00,40704531044.00
433,39823366797.50,39823366797.50
434,45039953960.00,45039953960.00
435,55989969316.00,55989969316.00
436,56849209468.50,56849209468.50
437,52787272424.50,52787272424.50
438,50188165472.00,50188165472.00
439,51971961352.50,51971961352.50
440,45522930611.00,45522930611.00
441,48703326329.00,48703326329.00
442,43582526110.00,43582526110.00
443,42223517043.00,42223517043.00
444,42438857624.50,42438857624.50
445,43827147103.50,43827147103.50
446,42830648286.50,42830648286.50
447,41654415268.00,41654415268.00
448,42000248960.00,42000248960.00
449,49333564047.50,49333564047.50
450,41260161409.00,41260161409.00
451,41228529797.50,41228529797.50
452,38022227108.00,38022227108.00
453,41310473429.00,41310473429.00
454,44575183343.00,44575183343.00
455,45799519542.50,45799519542.50
456,47708922736.50,47708922736.50
457,41943618713.50,41943618713.50
458,39422934217.00,39422934217.00
459,42311177683.00,42311177683.00
460,43687332838.00,43687332838.00
461,46159792243.00,46159792243.00
462,44730287146.00,44730287146.00
463,49581826545.50,49581826545.50
464,45218613644.50,45218613644.50
465,44954350181.50,44954350181.50
466,41487814252.50,41487814252.50
467,46893629229.00,46893629229.00
468,47055384286.50,47055384286.50
469,49560725708.00,49560725708.00
470,46926939753.50,46926939753.50
471,45780589141.00,45780589141.00
472,40995732292.50,40995732292.50
473,40019894914.00,40019894914.00
474,37005895941.50,37005895941.50
475,41539391612.00,41539391612.00
476,40311517159.50,40311517159.50
477,45775415746.00,45775415746.00
478,53901723276.50,53901723276.50
479,52838897246.50,52838897246.50
480,49432796858.50,49432796858.50
481,41538232296.00,41538232296.00
482,39793622385.50,39793622385.50
483,44508579992.00,44508579992.00
484,41963733779.50,41963733779.50
485,45911698032.50,45911698032.50
486,46079648405.50,46079648405.50
487,45484395646.50,45484395646.50
488,38600979101.00,38600979101.00
489,32289348449.50,32289348449.50
490,31078510680.50,31078510680.50
491,35829231694.00,35829231694.00
492,39843252385.00,39843252385.00
493,41171042176.50,41171042176.50
494,48456343488.50,48456343488.50
495,50583723956.50,50583723956.50
496,52836885819.00,52836885819.00
497,44731446087.00,44731446087.00
498,44225041746.00,44225041746.00
499,44005385707.00,44005385707.00
500,43659578512.50,43659578512.50
501,36344709588.50,36344709588.50
502,38858821209.50,38858821209.50
503,39048506993.50,39048506993.50
504,43779191094.50,43779191094.50
505,43363910226.00,43363910226.00
506,40545218450.00,40545218450.00
507,39049502479.00,39049502479.00
508,39124432168.00,39124432168.00
509,39379719997.50,39379719997.50
510,38327468318.00,38327468318.00
511,37373380038.00,37373380038.00
512,41547610982.00,41547610982.00
513,40490738439.50,40490738439.50
514,44406409882.50,44406409882.50
515,43782982268.00,43782982268.00
516,42372180799.00,42372180799.00
517,42419268483.00,42419268483.00
518,40732736016.50,40732736016.50
519,39489181597.00,39489181597.00
520,39549796468.00,39549796468.00
521,41064722131.50,41064722131.50
522,45406384927.00,45406384927.00
523,41476786184.50,41476786184.50
524,40907417693.00,40907417693.00
525,40483365413.00,40483365413.00
526,41721719263.00,41721719263.00
527,42010735080.00,42010735080.00
528,43729873656.00,43729873656.00
529,44632465337.50,44632465337.50
530,44472497846.00,44472497846.00
531,43932566728.00,43932566728.00
532,42623604135.00,42623604135.00
533,46358856087.00,46358856087.00
534,45390606306.00,45390606306.00
535,42931172143.00,42931172143.00
536,41411781695.00,41411781695.00
537,42156398774.50,42156398774.50
538,41073757464.50,41073757464.50
539,47846795808.00,47846795808.00
540,43175266905.00,43175266905.00
541,44327691650.50,44327691650.50
542,37468124337.00,37468124337.00
543,42579108414.50,42579108414.50
544,44267833089.50,44267833089.50
545,51437594414.00,51437594414.00
546,51868570958.00,51868570958.00
547,49664817515.50,49664817515.50
548,47990802096.00,47990802096.00
549,42490044100.50,42490044100.50
550,41784466440.50,41784466440.50
551,39560021550.00,39560021550.00
552,40791000616.00,40791000616.00
553,42111230257.50,42111230257.50
554,36749970397.00,36749970397.00
555,42529951481.00,42529951481.00
556,45439357283.50,45439357283.50
557,47504023226.50,47504023226.50
558,48241160484.00,48241160484.00
559,42841730693.50,42841730693.50
560,41231451218.50,41231451218.50
561,36704014751.00,36704014751.00
562,35618632761.00,35618632761.00
563,36904671889.00,36904671889.00
564,45738357222.00,45738357222.00
565,52917928413.00,52917928413.00
566,54290900852.00,54290900852.00
567,49067918810.50,49067918810.50
568,43057690706.00,43057690706.00
569,38679017571.00,38679017571.00
570,38669966241.00,38669966241.00
571,43876089772.50,43876089772.50
572,48266303638.00,48266303638.00
573,45272937152.50,45272937152.50
574,40883056265.50,40883056265.50
575,39703895720.50,39703895720.50
576,43307245387.50,43307245387.50
577,41942881854.50,41942881854.50
578,42672528040.50,42672528040.50
579,47585584364.50,47585584364.50
580,50374594720.50,50374594720.50
581,50573713949.50,50573713949.50
582,50472846634.00,50472846634.00
583,52839400988.00,52839400988.00
584,53494692775.00,53494692775.00
585,48040610780.50,48040610780.50
586,42518590587.00,42518590587.00
587,46738879585.00,46738879585.00
588,46183651564.00,46183651564.00
589,46632549799.00,46632549799.00
590,42995822294.00,42995822294.00
591,37142176606.00,37142176606.00
592,38180315249.00,38180315249.00
593,46267124030.50,46267124030.50
594,47690592615.00,47690592615.00
595,43805329518.50,43805329518.50
596,39235404494.50,39235404494.50
597,44096926384.00,44096926384.00
598,47784777108.50,47784777108.50
599,45885052557.50,45885052557.50
600,40939937938.00,40939937938.00
601,46196099394.50,46196099394.50
602,45279948188.00,45279948188.00
603,46236635107.50,46236635107.50
604,43191215777.00,43191215777.00
605,38820792149.00,38820792149.00
606,43718051265.00,43718051265.00
607,39762463846.00,39762463846.00
608,40704033567.50,40704033567.50
609,41531242615.00,41531242615.00
610,39350361577.00,39350361577.00
611,44608043973.00,44608043973.00
612,42453602848.00,42453602848.00
613,41614229489.00,41614229489.00
614,40500401689.00,40500401689.00
615,40997386763.00,40997386763.00
616,46536515104.50,46536515104.50
617,48412944895.50,48412944895.50
618,48183839370.50,48183839370.50
619,43749819113.00,43749819113.00
620,38198550049.50,38198550049.50
621,40818636856.50,40818636856.50
622,45258197810.50,45258197810.50
623,49236676525.50,49236676525.50
624,47366445238.00,47366445238.00
625,48898028293.00,48898028293.00
626,47198737282.00,47198737282.00
627,47168857854.00,47168857854.00
628,54863905404.00,54863905404.00
629,56105587991.50,56105587991.50
630,51497523574.00,51497523574.00
631,45021440564.00,45021440564.00
632,42660421658.00,42660421658.00
633,50023877866.00,50023877866.00
634,48184629450.50,48184629450.50
635,47376191812.50,47376191812.50
636,44202284475.50,44202284475.50
637,42531431352.50,42531431352.50
638,46605612834.00,46605612834.00
639,46150871736.00,46150871736.00
640,45441099959.00,45441099959.00
641,41366137355.00,41366137355.00
642,43435841632.00,43435841632.00
643,39820605860.00,39820605860.00
644,39740069725.50,39740069725.50
645,37954747788.50,37954747788.50
646,46164160960.50,46164160960.50
647,46980478893.00,46980478893.00
648,50135262062.00,50135262062.00
649,48192385695.00,48192385695.00
650,44569764540.00,44569764540.00
651,41489811439.00,41489811439.00
652,41200468664.00,41200468664.00
653,50380342303.50,50380342303.50
654,51229680009.50,51229680009.50
655,46608337826.00,46608337826.00
656,40031621435.50,40031621435.50
657,38226283274.50,38226283274.50
658,43961362366.00,43961362366.00
659,53663221960.00,53663221960.00
660,46238656375.00,46238656375.00
661,41892140271.50,41892140271.50
662,34743315211.00,34743315211.00
663,36923397094.00,36923397094.00
664,39594069220.00,39594069220.00
665,43250086497.50,43250086497.50
666,48825925765.50,48825925765.50
667,46593048937.00,46593048937.00
668,44607172637.50,44607172637.50
669,39456106544.50,39456106544.50
670,37945762071.50,37945762071.50
671,38954532686.00,38954532686.00
672,41363176804.50,41363176804.50
673,37468985012.50,37468985012.50
674,39339796961.50,39339796961.50
675,40626096854.50,40626096854.50
676,44659578135.00,44659578135.00
677,44002409797.00,44002409797.00
678,44072174096.00,44072174096.00
679,43003368230.00,43003368230.00
680,46131930683.00,46131930683.00
681,47685783607.00,47685783607.00
682,53103770575.50,53103770575.50
683,53442873418.50,53442873418.50
684,49093998032.50,49093998032.50
685,43901227693.00,43901227693.00
686,43985812048.00,43985812048.00
687,49315043579.50,49315043579.50
688,51731926886.50,51731926886.50
689,45877656746.00,45877656746.00
690,42093088845.50,42093088845.50
691,38420608628.00,38420608628.00
692,42434601274.50,42434601274.50
693,40845099957.00,40845099957.00
694,42134105750.50,42134105750.50
695,43836536183.50,43836536183.50
696,46841143520.50,46841143520.50
697,44686017650.00,44686017650.00
698,45077191002.50,45077191002.50
699,38462173927.00,38462173927.00
700,43766766675.50,43766766675.50
701,40179359963.50,40179359963.50
702,51689574127.00,51689574127.00
703,46323980227.50,46323980227.50
704,49684670672.50,49684670672.50
705,47559771351.00,47559771351.00
706,50124726641.00,50124726641.00
707,43979539910.00,43979539910.00
708,44608866565.50,44608866565.50
709,48406035086.50,48406035086.50
710,52041243978.50,52041243978.50
711,46624303680.50,46624303680.50
712,49568321176.50,49568321176.50
713,51442593229.00,51442593229.00
714,50744999497.50,50744999497.50
715,42699034512.50,42699034512.50
716,48174459847.50,48174459847.50
717,49045713328.00,49045713328.00
718,52250245121.00,52250245121.00
719,47464730346.00,47464730346.00
720,47020421217.00,47020421217.00
721,44996467173.00,44996467173.00
722,42831140331.00,42831140331.00
723,48167771377.00,48167771377.00
724,48361751570.00,48361751570.00
725,50332884680.50,50332884680.50
726,47947189849.00,47947189849.00
727,48613295586.00,48613295586.00
728,52082935152.00,52082935152.00
729,51694224517.00,51694224517.00
730,49514538292.00,49514538292.00
731,39918495294.00,39918495294.00
732,35915795595.00,35915795595.00
733,43965319834.50,43965319834.50
734,47846335551.50,47846335551.50
735,52030493273.00,52030493273.00
736,45466047059.00,45466047059.00
737,43125189459.50,43125189459.50
738,43815195602.00,43815195602.00
739,45700290329.50,45700290329.50
740,54552150226.50,54552150226.50
741,46796510720.00,46796510720.00
742,41771589843.00,41771589843.00
743,40140119347.50,40140119347.50
744,39581932483.50,39581932483.50
745,35761288110.00,35761288110.00
746,34235191979.00,34235191979.00
747,36690499353.50,36690499353.50
748,45962088102.00,45962088102.00
749,44489738896.00,44489738896.00
750,50463607877.00,50463607877.00
751,53874424971.00,53874424971.00
752,56140974675.50,56140974675.50
753,50171569940.50,50171569940.50
754,41101505520.00,41101505520.00
755,35690599318.00,35690599318.00
756,35309429403.50,35309429403.50
757,41249312667.00,41249312667.00
758,45326280823.00,45326280823.00
759,49217643155.00,49217643155.00
760,47236107307.50,47236107307.50
761,46365147179.50,46365147179.50
762,42384228653.00,42384228653.00
763,47299872053.00,47299872053.00
764,50283730284.00,50283730284.00
765,48473205978.50,48473205978.50
766,42003174334.50,42003174334.50
767,37823658981.50,37823658981.50
768,41077448008.50,41077448008.50
769,45353572100.50,45353572100.50
770,47273551088.00,47273551088.00
771,43498948472.00,43498948472.00
772,44960435367.50,44960435367.50
773,45376459123.00,45376459123.00
774,48315812674.00,48315812674.00
775,44528756995.00,44528756995.00
776,44068560565.00,44068560565.00
777,45644181110.50,45644181110.50
778,50283559504.50,50283559504.50
779,45778495502.50,45778495502.50
780,40059425053.00,40059425053.00
781,36684798670.00,36684798670.00
782,42060717222.00,42060717222.00
783,43081247019.00,43081247019.00
784,42624189917.50,42624189917.50
785,44013145598.50,44013145598.50
786,42475519487.00,42475519487.00
787,46371699531.00,46371699531.00
788,47713333332.00,47713333332.00
789,50051790771.00,50051790771.00
790,40607338778.00,40607338778.00
791,41491618512.50,41491618512.50
792,43178791196.00,43178791196.00
793,52998096614.00,52998096614.00
794,49218513299.00,49218513299.00
795,51429946549.00,51429946549.00
796,43966924186.00,43966924186.00
797,44756056103.00,44756056103.00
798,38770353071.00,38770353071.00
799,38954457940.50,38954457940.50
800,44466733540.50,44466733540.50
801,46422141531.50,46422141531.50
802,45531215039.00,45531215039.00
803,42715671966.50,42715671966.50
804,42219938696.00,42219938696.00
805,48400354169.50,48400354169.50
806,46694127022.00,46694127022.00
807,48594850672.00,48594850672.00
808,49704132712.50,49704132712.50
809,45298677654.00,45298677654.00
810,44863503727.50,44863503727.50
811,38420327148.50,38420327148.50
812,38226348142.00,38226348142.00
813,43116623888.00,43116623888.00
814,40855335191.50,40855335191.50
815,41070239549.50,41070239549.50
816,36445258741.50,36445258741.50
817,39400314310.00,39400314310.00
818,36169878631.00,36169878631.00
819,37969134377.50,37969134377.50
820,41683188737.50,41683188737.50
821,44728370188.00,44728370188.00
822,42740139693.50,42740139693.50
823,43238174571.50,43238174571.50
824,42782367671.00,42782367671.00
825,43589327945.00,43589327945.00
826,49442987137.00,49442987137.00
827,58563629096.50,58563629096.50
828,57780405168.50,57780405168.50
829,50610186514.50,50610186514.50
830,42629566080.00,42629566080.00
831,41930355457.00,41930355457.00
832,34223909183.50,34223909183.50
833,35689606638.50,35689606638.50
834,36655543266.50,36655543266.50
835,44838734948.00,44838734948.00
836,42303695775.00,42303695775.00
837,50185023810.50,50185023810.50
838,44582723888.50,44582723888.50
839,48760838181.50,48760838181.50
840,44453257121.50,44453257121.50
841,48760285497.00,48760285497.00
842,52044717393.00,52044717393.00
843,45176410235.00,45176410235.00
844,46058378261.00,46058378261.00
845,35414351179.00,35414351179.00
846,35796945642.50,35796945642.50
847,36345108677.50,36345108677.50
848,39090508634.00,39090508634.00
849,40800394075.50,40800394075.50
850,38198086451.50,38198086451.50
851,39848449728.50,39848449728.50
852,40165819498.00,40165819498.00
853,47565500227.00,47565500227.00
854,45501729104.00,45501729104.00
855,44445161588.50,44445161588.50
856,37447518164.00,37447518164.00
857,39772344417.50,39772344417.50
858,47232572520.00,47232572520.00
859,48865223735.00,48865223735.00
860,49092005764.50,49092005764.50
861,41704947629.00,41704947629.00
862,40286483379.00,40286483379.00
863,43002519334.00,43002519334.00
864,42392362913.00,42392362913.00
865,39472818831.00,39472818831.00
866,37142311996.50,37142311996.50
867,38249674951.00,38249674951.00
868,44719403479.00,44719403479.00
869,43775913769.00,43775913769.00
870,51600729857.00,51600729857.00
871,42257831161.50,42257831161.50
872,45061586872.00,45061586872.00
873,40874900730.00,40874900730.00
874,46531415325.50,46531415325.50
875,48687680642.50,48687680642.50
876,48293647252.50,48293647252.50
877,46090621635.00,46090621635.00
878,38830160289.50,38830160289.50
879,38941489219.50,38941489219.50
880,37711287076.50,37711287076.50
881,38531392848.00,38531392848.00
882,39910656827.00,39910656827.00
883,42650144498.00,42650144498.00
884,47189209296.00,47189209296.00
885,46045247579.50,46045247579.50
886,42125001112.50,42125001112.50
887,40049543614.50,40049543614.50
888,42813636798.50,42813636798.50
889,47706894706.50,47706894706.50
890,46557984731.00,46557984731.00
891,42753859002.50,42753859002.50
892,42661312538.50,42661312538.50
893,40895582752.00,40895582752.00
894,46463259900.50,46463259900.50
895,46797515333.50,46797515333.50
896,48734177856.00,48734177856.00
897,45691168834.00,45691168834.00
898,45930482843.50,45930482843.50
899,44512995962.50,44512995962.50
900,44892981022.00,44892981022.00
901,42583854573.00,42583854573.00
902,44271181794.00,44271181794.00
903,43270459791.00,43270459791.00
904,45735782830.50,45735782830.50
905,43556203648.50,43556203648.50
906,40443624536.00,40443624536.00
907,40534336506.50,40534336506.50
908,43178972740.00,43178972740.00
909,46443481863.00,46443481863.00
910,42711341974.50,42711341974.50
911,41661201634.00,41661201634.00
912,39655002062.00,39655002062.00
913,42424461507.50,42424461507.50
914,45183254074.50,45183254074.50
915,44110234777.00,44110234777.00
916,43381858769.00,43381858769.00
917,37222516873.00,37222516873.00
918,37394286318.50,37394286318.50
919,40440855134.00,40440855134.00
920,41990638470.00,41990638470.00
921,47486989466.00,47486989466.00
922,48440465521.50,48440465521.50
923,51048460306.00,51048460306.00
924,46719792603.00,46719792603.00
925,46249706095.50,46249706095.50
926,43769917341.00,43769917341.00
927,46714339475.00,46714339475.00
928,51580848962.00,51580848962.00
929,53791374188.50,53791374188.50
930,52135514236.00,52135514236.00
931,41528463571.50,41528463571.50
932,40353380719.50,40353380719.50
933,38604248129.50,38604248129.50
934,42419515366.50,42419515366.50
935,43779987688.00,43779987688.00
936,42054321898.00,42054321898.00
937,43797342697.00,43797342697.00
938,41541730004.00,41541730004.00
939,39715882552.50,39715882552.50
940,36373180483.00,36373180483.00
941,35792820900.00,35792820900.00
942,35508835132.50,35508835132.50
943,37889325070.50,37889325070.50
944,43648188006.50,43648188006.50
945,47034158022.00,47034158022.00
946,53848910128.50,53848910128.50
947,49821365701.50,49821365701.50
948,54133061185.00,54133061185.00
949,48752182115.00,48752182115.00
950,50568452344.00,50568452344.00
951,47359166306.50,47359166306.50
952,48371644680.00,48371644680.00
953,50127909797.00,50127909797.00
954,49882033005.50,49882033005.50
955,44904224682.00,44904224682.00
956,42488100837.50,42488100837.50
957,44955591742.00,44955591742.00
958,52147394653.50,52147394653.50
959,47672618060.00,47672618060.00
960,44452406140.00,44452406140.00
961,40897474662.50,40897474662.50
962,46230741968.50,46230741968.50
963,42541701310.00,42541701310.00
964,46351883948.00,46351883948.00
965,43024443442.00,43024443442.00
966,41666714465.00,41666714465.00
967,43752962303.50,43752962303.50
968,44974521718.50,44974521718.50
969,52065490766.00,52065490766.00
970,44619309462.00,44619309462.00
971,44653787797.00,44653787797.00
972,43808080316.00,43808080316.00
973,39822212397.50,39822212397.50
974,36758978185.50,36758978185.50
975,38548494861.50,38548494861.50
976,46824832782.50,46824832782.50
977,51744455376.50,51744455376.50
978,45405641022.50,45405641022.50
979,40255945209.50,40255945209.50
980,36989772971.00,36989772971.00
981,42389195527.00,42389195527.00
982,41957102435.50,41957102435.50
983,47316107408.00,47316107408.00
984,44852813232.00,44852813232.00
985,43407921980.00,43407921980.00
986,40993962639.00,40993962639.00
987,38427816402.00,38427816402.00
988,44302282674.50,44302282674.50
989,46259767113.00,46259767113.00
990,50389635086.50,50389635086.50
991,46661777569.50,46661777569.50
992,46630880331.50,46630880331.50
993,42645744083.00,42645744083.00
994,47734688408.00,47734688408.00
995,42383237731.50,42383237731.50
996,43334951091.50,43334951091.50
997,40524459286.50,40524459286.50
998,43171192771.50,43171192771.50
